-- MySQL dump 10.13  Distrib 8.0.33, for Win64 (x86_64)
--
-- Host: 127.0.0.1    Database: db_ward_management
-- ------------------------------------------------------
-- Server version	8.0.33
DROP DATABASE IF EXISTS `db_ward_management`;
CREATE DATABASE IF NOT EXISTS db_ward_management;
USE db_ward_management

/*!40101 SET @OLD_CHARACTER_SET_CLIENT=@@CHARACTER_SET_CLIENT */;
/*!40101 SET @OLD_CHARACTER_SET_RESULTS=@@CHARACTER_SET_RESULTS */;
/*!40101 SET @OLD_COLLATION_CONNECTION=@@COLLATION_CONNECTION */;
/*!50503 SET NAMES utf8mb4 */;
/*!40103 SET @OLD_TIME_ZONE=@@TIME_ZONE */;
/*!40103 SET TIME_ZONE='+00:00' */;
/*!40014 SET @OLD_UNIQUE_CHECKS=@@UNIQUE_CHECKS, UNIQUE_CHECKS=0 */;
/*!40014 SET @OLD_FOREIGN_KEY_CHECKS=@@FOREIGN_KEY_CHECKS, FOREIGN_KEY_CHECKS=0 */;
/*!40101 SET @OLD_SQL_MODE=@@SQL_MODE, SQL_MODE='NO_AUTO_VALUE_ON_ZERO' */;
/*!40111 SET @OLD_SQL_NOTES=@@SQL_NOTES, SQL_NOTES=0 */;

--
-- Table structure for table `bed`
--

DROP TABLE IF EXISTS `bed`;
/*!40101 SET @saved_cs_client     = @@character_set_client */;
/*!50503 SET character_set_client = utf8mb4 */;
CREATE TABLE `bed` (
  `ID` varchar(50) NOT NULL COMMENT '病床ID',
  `NO` varchar(15) NOT NULL COMMENT '床号',
  `STATUS` tinyint NOT NULL DEFAULT '0' COMMENT '状态： 0 未使用， 1 正在使用， 3 待清理',
  `CREATE_TIME` date NOT NULL COMMENT '创建日期',
  `UPDATE_TIME` date DEFAULT NULL COMMENT '修改日期',
  `WARD_NO` varchar(20) NOT NULL COMMENT '病房号',
  PRIMARY KEY (`ID`),
  KEY `BED_WARD_FK` (`WARD_NO`),
  CONSTRAINT `BED_WARD_FK` FOREIGN KEY (`WARD_NO`) REFERENCES `ward` (`NO`) ON DELETE CASCADE ON UPDATE CASCADE
) ENGINE=InnoDB DEFAULT CHARSET=utf8mb4 COLLATE=utf8mb4_0900_ai_ci;
/*!40101 SET character_set_client = @saved_cs_client */;

--
-- Dumping data for table `bed`
--

LOCK TABLES `bed` WRITE;
/*!40000 ALTER TABLE `bed` DISABLE KEYS */;
INSERT INTO `bed` VALUES ('2c387cdb-d742-11ed-9449-00155d710202','001',1,'2023-04-10','2023-04-20','101'),('2c388213-d742-11ed-9449-00155d710202','02',0,'2023-04-10',NULL,'101'),('2c3882e6-d742-11ed-9449-00155d710202','03',0,'2023-04-10',NULL,'101'),('2c388370-d742-11ed-9449-00155d710202','04',0,'2023-04-10',NULL,'101'),('2c3883fd-d742-11ed-9449-00155d710202','05',0,'2023-04-10',NULL,'101'),('2c388880-d742-11ed-9449-00155d710202','01',0,'2023-04-10',NULL,'103'),('2c38893e-d742-11ed-9449-00155d710202','02',0,'2023-04-10',NULL,'103'),('2c388a14-d742-11ed-9449-00155d710202','03',0,'2023-04-10',NULL,'103'),('2c388a93-d742-11ed-9449-00155d710202','04',0,'2023-04-10',NULL,'103'),('2c388b15-d742-11ed-9449-00155d710202','05',0,'2023-04-10',NULL,'103'),('2c388b89-d742-11ed-9449-00155d710202','06',0,'2023-04-10',NULL,'103'),('2c388d9f-d742-11ed-9449-00155d710202','01',2,'2023-04-10','2023-04-23','104'),('2c388e24-d742-11ed-9449-00155d710202','02',0,'2023-04-10',NULL,'104'),('2c388e9b-d742-11ed-9449-00155d710202','03',0,'2023-04-10',NULL,'104'),('2c388f5c-d742-11ed-9449-00155d710202','04',0,'2023-04-10',NULL,'104'),('2c388fdd-d742-11ed-9449-00155d710202','05',0,'2023-04-10',NULL,'104'),('2c3890ed-d742-11ed-9449-00155d710202','01',0,'2023-04-10',NULL,'105'),('2c38916c-d742-11ed-9449-00155d710202','02',0,'2023-04-10',NULL,'105'),('2c3891e8-d742-11ed-9449-00155d710202','03',0,'2023-04-10',NULL,'105'),('2c38927b-d742-11ed-9449-00155d710202','04',0,'2023-04-10',NULL,'105'),('2c389303-d742-11ed-9449-00155d710202','05',0,'2023-04-10',NULL,'105'),('2c38937f-d742-11ed-9449-00155d710202','06',0,'2023-04-10',NULL,'105'),('2c3893fa-d742-11ed-9449-00155d710202','01',1,'2023-04-10','2023-04-20','106'),('2c389474-d742-11ed-9449-00155d710202','02',0,'2023-04-10',NULL,'106'),('2c389504-d742-11ed-9449-00155d710202','03',0,'2023-04-10',NULL,'106'),('2c389588-d742-11ed-9449-00155d710202','04',0,'2023-04-10',NULL,'106'),('2c389603-d742-11ed-9449-00155d710202','05',0,'2023-04-10',NULL,'106'),('2c389679-d742-11ed-9449-00155d710202','06',0,'2023-04-10',NULL,'106'),('2c389707-d742-11ed-9449-00155d710202','01',0,'2023-04-10',NULL,'107'),('2c389918-d742-11ed-9449-00155d710202','02',0,'2023-04-10',NULL,'107'),('2c3899d5-d742-11ed-9449-00155d710202','03',0,'2023-04-10',NULL,'107'),('2c389a79-d742-11ed-9449-00155d710202','04',0,'2023-04-10',NULL,'108'),('2c389b97-d742-11ed-9449-00155d710202','05',0,'2023-04-10',NULL,'108'),('2c389c30-d742-11ed-9449-00155d710202','06',0,'2023-04-10',NULL,'108'),('2c389cb9-d742-11ed-9449-00155d710202','01',0,'2023-04-10',NULL,'108'),('2c389d3c-d742-11ed-9449-00155d710202','02',0,'2023-04-10',NULL,'108'),('2c389dce-d742-11ed-9449-00155d710202','03',0,'2023-04-10',NULL,'108'),('2c389e68-d742-11ed-9449-00155d710202','04',0,'2023-04-10',NULL,'109'),('2c389ef4-d742-11ed-9449-00155d710202','05',0,'2023-04-10',NULL,'109'),('2c389f82-d742-11ed-9449-00155d710202','06',0,'2023-04-10',NULL,'109'),('2c38a018-d742-11ed-9449-00155d710202','01',0,'2023-04-10',NULL,'109'),('2c38a0ae-d742-11ed-9449-00155d710202','02',0,'2023-04-10',NULL,'109'),('2c38a144-d742-11ed-9449-00155d710202','03',0,'2023-04-10',NULL,'109'),('2c38a1c3-d742-11ed-9449-00155d710202','04',0,'2023-04-10',NULL,'110'),('2c38a24a-d742-11ed-9449-00155d710202','05',0,'2023-04-10',NULL,'110'),('2c38a2da-d742-11ed-9449-00155d710202','06',0,'2023-04-10',NULL,'110'),('2c38a378-d742-11ed-9449-00155d710202','01',0,'2023-04-10',NULL,'110'),('2c38a407-d742-11ed-9449-00155d710202','02',0,'2023-04-10',NULL,'110'),('2c38a497-d742-11ed-9449-00155d710202','03',0,'2023-04-10',NULL,'110'),('2c38a6e9-d742-11ed-9449-00155d710202','04',0,'2023-04-10',NULL,'201'),('2c38a7a2-d742-11ed-9449-00155d710202','05',0,'2023-04-10',NULL,'201'),('2c38a829-d742-11ed-9449-00155d710202','06',0,'2023-04-10',NULL,'201'),('2c38a900-d742-11ed-9449-00155d710202','01',0,'2023-04-10',NULL,'201'),('2c38a99e-d742-11ed-9449-00155d710202','02',0,'2023-04-10',NULL,'201'),('2c38aa2d-d742-11ed-9449-00155d710202','03',0,'2023-04-10',NULL,'202'),('2c38aabc-d742-11ed-9449-00155d710202','04',0,'2023-04-10',NULL,'202'),('2c38ab58-d742-11ed-9449-00155d710202','05',0,'2023-04-10',NULL,'202'),('2c38abe6-d742-11ed-9449-00155d710202','06',0,'2023-04-10',NULL,'202'),('2c38ac66-d742-11ed-9449-00155d710202','01',0,'2023-04-10',NULL,'202'),('2c38acf3-d742-11ed-9449-00155d710202','02',0,'2023-04-10',NULL,'202'),('2c38ad84-d742-11ed-9449-00155d710202','03',0,'2023-04-10',NULL,'202'),('2c38ae00-d742-11ed-9449-00155d710202','04',0,'2023-04-10',NULL,'203'),('2c38ae75-d742-11ed-9449-00155d710202','05',0,'2023-04-10',NULL,'203'),('2c38aef8-d742-11ed-9449-00155d710202','06',0,'2023-04-10',NULL,'203'),('2c38af84-d742-11ed-9449-00155d710202','01',0,'2023-04-10',NULL,'203'),('2c38b001-d742-11ed-9449-00155d710202','02',0,'2023-04-10',NULL,'203'),('2c38b088-d742-11ed-9449-00155d710202','03',0,'2023-04-10',NULL,'203'),('2c38b107-d742-11ed-9449-00155d710202','04',0,'2023-04-10',NULL,'204'),('2c38b187-d742-11ed-9449-00155d710202','05',0,'2023-04-10',NULL,'204'),('2c38b20a-d742-11ed-9449-00155d710202','06',0,'2023-04-10',NULL,'204'),('2c38b4a8-d742-11ed-9449-00155d710202','01',0,'2023-04-10',NULL,'204'),('2c38b559-d742-11ed-9449-00155d710202','02',0,'2023-04-10',NULL,'204'),('2c38b5dc-d742-11ed-9449-00155d710202','03',0,'2023-04-10',NULL,'204'),('2c38b656-d742-11ed-9449-00155d710202','04',0,'2023-04-10',NULL,'205'),('2c38b726-d742-11ed-9449-00155d710202','05',0,'2023-04-10',NULL,'205'),('2c38b7c0-d742-11ed-9449-00155d710202','06',0,'2023-04-10',NULL,'205'),('2c38b84d-d742-11ed-9449-00155d710202','01',0,'2023-04-10',NULL,'205'),('2c38b909-d742-11ed-9449-00155d710202','02',0,'2023-04-10',NULL,'205'),('2c38b993-d742-11ed-9449-00155d710202','03',0,'2023-04-10',NULL,'205'),('2c38ba07-d742-11ed-9449-00155d710202','04',0,'2023-04-10',NULL,'206'),('2c38ba88-d742-11ed-9449-00155d710202','05',0,'2023-04-10',NULL,'206'),('2c38baff-d742-11ed-9449-00155d710202','06',0,'2023-04-10',NULL,'206'),('2c38bb80-d742-11ed-9449-00155d710202','01',0,'2023-04-10',NULL,'206'),('2c38bbfb-d742-11ed-9449-00155d710202','02',0,'2023-04-10',NULL,'206'),('2c38bc82-d742-11ed-9449-00155d710202','03',0,'2023-04-10',NULL,'206'),('2c38bd00-d742-11ed-9449-00155d710202','04',0,'2023-04-10',NULL,'207'),('2c38bd7f-d742-11ed-9449-00155d710202','05',0,'2023-04-10',NULL,'207'),('2c38bdfc-d742-11ed-9449-00155d710202','06',0,'2023-04-10',NULL,'207'),('2c38be7c-d742-11ed-9449-00155d710202','01',0,'2023-04-10',NULL,'207'),('2c38befa-d742-11ed-9449-00155d710202','02',0,'2023-04-10',NULL,'207'),('2c38bf71-d742-11ed-9449-00155d710202','03',0,'2023-04-10',NULL,'207'),('2c38bfe9-d742-11ed-9449-00155d710202','04',0,'2023-04-10',NULL,'208'),('2c38c10b-d742-11ed-9449-00155d710202','05',0,'2023-04-10',NULL,'208'),('2c38c478-d742-11ed-9449-00155d710202','06',0,'2023-04-10',NULL,'208'),('2c38c524-d742-11ed-9449-00155d710202','01',0,'2023-04-10',NULL,'208'),('2c38c5aa-d742-11ed-9449-00155d710202','02',0,'2023-04-10',NULL,'208'),('2c38c632-d742-11ed-9449-00155d710202','03',0,'2023-04-10',NULL,'208'),('2c38c6e0-d742-11ed-9449-00155d710202','04',0,'2023-04-10',NULL,'209'),('2c38c76c-d742-11ed-9449-00155d710202','05',0,'2023-04-10',NULL,'209'),('2c38c7f7-d742-11ed-9449-00155d710202','06',0,'2023-04-10',NULL,'209'),('2c38c889-d742-11ed-9449-00155d710202','01',0,'2023-04-10',NULL,'209'),('2c38c904-d742-11ed-9449-00155d710202','02',0,'2023-04-10',NULL,'209'),('2c38c975-d742-11ed-9449-00155d710202','03',0,'2023-04-10',NULL,'209'),('2c38cd04-d742-11ed-9449-00155d710202','04',0,'2023-04-10',NULL,'301'),('2c38cd75-d742-11ed-9449-00155d710202','05',0,'2023-04-10',NULL,'301'),('2c38cde7-d742-11ed-9449-00155d710202','06',0,'2023-04-10',NULL,'301'),('2c38ce6b-d742-11ed-9449-00155d710202','01',0,'2023-04-10',NULL,'301'),('2c38cee7-d742-11ed-9449-00155d710202','02',0,'2023-04-10',NULL,'302'),('2c38cf6f-d742-11ed-9449-00155d710202','03',0,'2023-04-10',NULL,'302'),('2c38d423-d742-11ed-9449-00155d710202','04',0,'2023-04-10',NULL,'302'),('2c38d4ed-d742-11ed-9449-00155d710202','05',0,'2023-04-10',NULL,'303'),('2c38d850-d742-11ed-9449-00155d710202','06',0,'2023-04-10',NULL,'303'),('2c38d90d-d742-11ed-9449-00155d710202','01',0,'2023-04-10',NULL,'303'),('2c38d993-d742-11ed-9449-00155d710202','02',0,'2023-04-10',NULL,'304'),('2c38da4b-d742-11ed-9449-00155d710202','03',0,'2023-04-10',NULL,'304'),('2c38dad8-d742-11ed-9449-00155d710202','04',0,'2023-04-10',NULL,'304'),('2c38db62-d742-11ed-9449-00155d710202','05',0,'2023-04-10',NULL,'305'),('2c38dbe0-d742-11ed-9449-00155d710202','06',0,'2023-04-10',NULL,'305'),('2c38dc65-d742-11ed-9449-00155d710202','01',0,'2023-04-10',NULL,'305'),('2c38dce5-d742-11ed-9449-00155d710202','02',0,'2023-04-10',NULL,'306'),('2c38dd72-d742-11ed-9449-00155d710202','03',0,'2023-04-10',NULL,'306'),('2c38ddeb-d742-11ed-9449-00155d710202','04',0,'2023-04-10',NULL,'306'),('2c38de6d-d742-11ed-9449-00155d710202','05',0,'2023-04-10',NULL,'307'),('2c38deed-d742-11ed-9449-00155d710202','06',0,'2023-04-10',NULL,'307'),('2c38df64-d742-11ed-9449-00155d710202','01',0,'2023-04-10',NULL,'307'),('2c38dfd9-d742-11ed-9449-00155d710202','02',0,'2023-04-10',NULL,'308'),('2c38e04a-d742-11ed-9449-00155d710202','03',0,'2023-04-10',NULL,'308'),('2c38e0c4-d742-11ed-9449-00155d710202','04',0,'2023-04-10',NULL,'308'),('2c38e140-d742-11ed-9449-00155d710202','05',0,'2023-04-10',NULL,'309'),('2c38e1b7-d742-11ed-9449-00155d710202','06',0,'2023-04-10',NULL,'309'),('2c38e236-d742-11ed-9449-00155d710202','01',0,'2023-04-10',NULL,'309'),('2c38e2a9-d742-11ed-9449-00155d710202','02',0,'2023-04-10',NULL,'310'),('2c38e314-d742-11ed-9449-00155d710202','03',0,'2023-04-10',NULL,'310'),('2c38e384-d742-11ed-9449-00155d710202','04',0,'2023-04-10',NULL,'310'),('2c38e3fc-d742-11ed-9449-00155d710202','05',0,'2023-04-10',NULL,'310'),('2c38e467-d742-11ed-9449-00155d710202','06',0,'2023-04-10',NULL,'310');
/*!40000 ALTER TABLE `bed` ENABLE KEYS */;
UNLOCK TABLES;

--
-- Table structure for table `department`
--

DROP TABLE IF EXISTS `department`;
/*!40101 SET @saved_cs_client     = @@character_set_client */;
/*!50503 SET character_set_client = utf8mb4 */;
CREATE TABLE `department` (
  `NO` varchar(15) NOT NULL COMMENT '科室号',
  `NAME` varchar(10) NOT NULL COMMENT '科室名称',
  `TELEPHONE` varchar(11) NOT NULL COMMENT '科室电话',
  `DIRECTOR` varchar(10) NOT NULL COMMENT '科室主任',
  `ADDRESS` varchar(20) NOT NULL COMMENT '科室地址',
  `CREATE_TIME` date NOT NULL COMMENT '创建日期',
  `UPDATE_TIME` date DEFAULT NULL COMMENT '修改日期',
  PRIMARY KEY (`NO`)
) ENGINE=InnoDB DEFAULT CHARSET=utf8mb4 COLLATE=utf8mb4_0900_ai_ci;
/*!40101 SET character_set_client = @saved_cs_client */;

--
-- Dumping data for table `department`
--

LOCK TABLES `department` WRITE;
/*!40000 ALTER TABLE `department` DISABLE KEYS */;
INSERT INTO `department` VALUES ('101','内科','17837276744','高飞1','A1101','1997-08-18','2023-04-17'),('102','外科','15093739167','李想','A1102','1991-03-29',NULL),('103','儿科','15968401857','邓杨','A1103','2018-04-23',NULL),('104','妇科','15208781894','刘宇','A1104','1986-07-13',NULL),('105','神经科','15813959649','白皓','A1105','2001-03-05',NULL),('201','脑外科','18281374404','宋思琪','A1201','2011-07-08',NULL),('202','泌尿科','15767459584','孙怡','A1202','1985-10-18',NULL),('203','骨科','14739063225','杨子龙','A1203','2016-06-10',NULL),('204','内分泌科','15869595544','张子怡','A1204','2004-09-20',NULL),('205','口腔科','13832932084','郭易曼','A1205','2005-05-10',NULL),('301','眼科','15023132189','王陆明','A1301','1979-01-02',NULL),('302','耳喉鼻科','18411876575','韩子琦','A1302','1998-11-07',NULL),('303','皮肤科','18777224974','徐若鸿','A1303','1994-08-03',NULL),('304','心脏外科','15823124626','李丽','A1304','1978-01-06',NULL),('305','胸外科','18371102628','陈若玉','A1305','1982-08-24',NULL);
/*!40000 ALTER TABLE `department` ENABLE KEYS */;
UNLOCK TABLES;

--
-- Table structure for table `doctor`
--

DROP TABLE IF EXISTS `doctor`;
/*!40101 SET @saved_cs_client     = @@character_set_client */;
/*!50503 SET character_set_client = utf8mb4 */;
CREATE TABLE `doctor` (
  `NO` varchar(50) NOT NULL COMMENT '医生编号',
  `NAME` varchar(20) NOT NULL COMMENT '医生姓名',
  `GENDER` varchar(5) NOT NULL COMMENT '性别',
  `AGE` int NOT NULL COMMENT '年龄',
  `TELEPHONE` varchar(11) NOT NULL COMMENT '电话号码',
  `ID_CARD` varchar(18) NOT NULL COMMENT '身份证号码',
  `BIRTHDAY` date NOT NULL COMMENT '出生日期',
  `QUALIFICATIONS` varchar(20) NOT NULL COMMENT '学历',
  `JOB_TITLE` varchar(11) NOT NULL COMMENT '职称',
  `CREATE_TIME` date NOT NULL COMMENT '创建日期',
  `UPDATE_TIME` date DEFAULT NULL COMMENT '修改日期',
  `DEPARTMENT_NO` varchar(20) NOT NULL COMMENT '科室号',
  PRIMARY KEY (`NO`),
  UNIQUE KEY `ID_CARD` (`ID_CARD`),
  KEY `DOCTOR_DEPARTMENT_FK` (`DEPARTMENT_NO`),
  CONSTRAINT `DOCTOR_DEPARTMENT_FK` FOREIGN KEY (`DEPARTMENT_NO`) REFERENCES `department` (`NO`) ON DELETE CASCADE ON UPDATE CASCADE
) ENGINE=InnoDB DEFAULT CHARSET=utf8mb4 COLLATE=utf8mb4_0900_ai_ci;
/*!40101 SET character_set_client = @saved_cs_client */;

--
-- Dumping data for table `doctor`
--

LOCK TABLES `doctor` WRITE;
/*!40000 ALTER TABLE `doctor` DISABLE KEYS */;
INSERT INTO `doctor` VALUES ('101001','高飞','男',30,'17837276744','330102199003075055','1990-03-07','博士','主任医师','2001-01-01',NULL,'101'),('101002','杨蕾','女',24,'15093739167','330102199003072671','1990-03-07','研究生','住院医师','1988-01-01',NULL,'101'),('101003','齐风','男',27,'15968401857','330102199003078619','1990-03-07','博士','主治医师','2017-01-01',NULL,'101'),('101004','李想','女',45,'15208781894','330102199003070473','1990-03-07','研究生','主任医师','2002-01-01',NULL,'102'),('101005','朱珠','女',30,'15813959649','330102199003078010','1990-03-07','博士','主治医师','2011-01-01',NULL,'102'),('101006','陆风','男',35,'18281374404','33010219900307305X','1990-03-07','博士','主治医师','1982-01-01',NULL,'102'),('101007','邓杨','男',30,'15767459584','330102199003071775','1990-03-07','研究生','主治医师','2000-01-01',NULL,'103'),('101008','程悦','女',28,'14739063225','330102199003075231','1990-03-07','博士','副主治医师','1992-01-01',NULL,'103'),('101009','刘宇','女',40,'15869595544','330102199003071310','1990-03-07','研究生','副主任医师','2017-01-01',NULL,'104'),('101010','刘子怡','女',34,'13832932084','33010219900307479X','1990-03-07','研究生','主治医师','2013-01-01',NULL,'104'),('101011','白皓','男',58,'15023132189','33010219900307081X','1990-03-07','研究生','主任医师','1998-01-01',NULL,'105'),('101012','苏楠','男',32,'18411876575','330102199003071994','1990-03-07','研究生','主治医师','2018-01-01','2023-04-17','105'),('101013','宋思琪','女',50,'18777224974','330102199003070756','1990-03-07','研究生','主任医师','2009-01-01',NULL,'201'),('101014','陆大明','男',24,'15823124626','330102199003073797','1990-03-07','本科','住院医师','2018-01-01','2023-04-16','201'),('101015','孙怡','女',33,'18371102628','330102199003072532','1990-03-07','博士','主治医师','2001-01-01',NULL,'202'),('101016','刘楠','男',33,'18878803909','330102199003070158','1990-03-07','博士','主治医师','1988-01-01',NULL,'202'),('101017','杨子龙','男',35,'13866242735','330102199003074896','1990-03-07','研究生','主治医师','2017-01-01',NULL,'203'),('101018','焦丹','女',23,'13617681553','330102199003075151','1990-03-07','博士','住院医师','2002-01-01',NULL,'203'),('101019','张子怡','女',38,'13578768285','330102199003074810','1990-03-07','博士','副主任医师','2011-01-01',NULL,'204'),('101020','李娟','女',32,'17871198257','330102199003079398','1990-03-07','博士','主治医师','1982-01-01',NULL,'204'),('101021','郭易曼','女',35,'14786231210','330102199003076699','1990-03-07','研究生','主治医师','2000-01-01',NULL,'205'),('101022','刘晓','男',22,'18243965181','330102199003075493','1990-03-07','研究生','住院医师','1992-01-01',NULL,'205'),('101023','王陆明','男',36,'13445342148','330102199003077659','1990-03-07','研究生','主治医师','2017-01-01',NULL,'301'),('101024','张珍','女',29,'15062502157','330102199003076779','1990-03-07','研究生','副主治医师','2013-01-01',NULL,'301'),('101025','韩子琦','男',31,'18396822343','33010219900307903X','1990-03-07','研究生','主治医师','1998-01-01',NULL,'302'),('101026','乔芳','女',31,'15897116503','330102199003072276','1990-03-07','研究生','主治医师','2018-01-01',NULL,'302'),('101027','徐若鸿','男',49,'19845071481','330102199003074853','1990-03-07','博士','主任医师','2009-01-01',NULL,'303'),('101028','陆磊','男',31,'16519841496','330102199003075995','1990-03-07','博士','主治医师','2018-01-01',NULL,'303'),('101029','李丽','女',51,'13896924369','330102199003071812','1990-03-07','博士','主任医师','1994-01-01',NULL,'304'),('101030','高涛','男',31,'17862595303','330102199003076357','1990-03-07','博士','主治医师','1978-01-01',NULL,'304'),('101031','陈若玉','女',39,'15252729534','330102199003071732','1990-03-07','博士','副主任医师','1994-01-01',NULL,'305'),('101032','刘思雨','女',30,'13757541859','330102199003076859','1990-03-07','博士','主治医师','1983-01-01',NULL,'305'),('efbd5919-dc59-11ed-9fef-00155d73ac84','甄蓉蕊','女',34,'15215603750','420102199003074353','2023-04-03','本科','主任医师','2023-04-16','2023-04-19','103');
/*!40000 ALTER TABLE `doctor` ENABLE KEYS */;
UNLOCK TABLES;

--
-- Table structure for table `hospitalization`
--

DROP TABLE IF EXISTS `hospitalization`;
/*!40101 SET @saved_cs_client     = @@character_set_client */;
/*!50503 SET character_set_client = utf8mb4 */;
CREATE TABLE `hospitalization` (
  `NO` varchar(50) NOT NULL COMMENT '病历号',
  `BLOOD_TYPE` varchar(4) NOT NULL COMMENT '血型',
  `RESULT` varchar(10) NOT NULL COMMENT '诊断结果',
  `TYPE` varchar(50) NOT NULL COMMENT '类型',
  `STATUS` tinyint NOT NULL COMMENT '状态： 0已经出院， 1未出院',
  `CREATE_TIME` date NOT NULL COMMENT '创建日期',
  `UPDATE_TIME` date DEFAULT NULL COMMENT '修改日期',
  `PATIENT_NO` varchar(50) NOT NULL COMMENT '病人ID',
  `WARD_NO` varchar(15) NOT NULL COMMENT '病房号',
  `BED_ID` varchar(50) NOT NULL COMMENT '床号',
  `NURSE_NO` varchar(15) NOT NULL COMMENT '护士ID',
  `DOCTOR_NO` varchar(50) NOT NULL COMMENT '医生ID',
  `DEPARTMENT_NO` varchar(15) NOT NULL COMMENT '科室号',
  PRIMARY KEY (`NO`),
  KEY `HOSPITALIZATION_BED_FK` (`BED_ID`),
  KEY `HOSPITALIZATION_DEPARTMENT_FK` (`DEPARTMENT_NO`),
  KEY `HOSPITALIZATION_DOCTOR_FK` (`DOCTOR_NO`),
  KEY `HOSPITALIZATION_NURSE_FK` (`NURSE_NO`),
  KEY `HOSPITALIZATION_PATIENT_FK` (`PATIENT_NO`),
  KEY `HOSPITALIZATION_WARD_FK` (`WARD_NO`),
  CONSTRAINT `HOSPITALIZATION_BED_FK` FOREIGN KEY (`BED_ID`) REFERENCES `bed` (`ID`) ON DELETE CASCADE ON UPDATE CASCADE,
  CONSTRAINT `HOSPITALIZATION_DEPARTMENT_FK` FOREIGN KEY (`DEPARTMENT_NO`) REFERENCES `department` (`NO`) ON DELETE CASCADE ON UPDATE CASCADE,
  CONSTRAINT `HOSPITALIZATION_DOCTOR_FK` FOREIGN KEY (`DOCTOR_NO`) REFERENCES `doctor` (`NO`) ON DELETE CASCADE ON UPDATE CASCADE,
  CONSTRAINT `HOSPITALIZATION_NURSE_FK` FOREIGN KEY (`NURSE_NO`) REFERENCES `nurse` (`NO`) ON DELETE CASCADE ON UPDATE CASCADE,
  CONSTRAINT `HOSPITALIZATION_PATIENT_FK` FOREIGN KEY (`PATIENT_NO`) REFERENCES `patient` (`NO`) ON DELETE CASCADE ON UPDATE CASCADE,
  CONSTRAINT `HOSPITALIZATION_WARD_FK` FOREIGN KEY (`WARD_NO`) REFERENCES `ward` (`NO`) ON DELETE CASCADE ON UPDATE CASCADE
) ENGINE=InnoDB DEFAULT CHARSET=utf8mb4 COLLATE=utf8mb4_0900_ai_ci;
/*!40101 SET character_set_client = @saved_cs_client */;

--
-- Dumping data for table `hospitalization`
--

LOCK TABLES `hospitalization` WRITE;
/*!40000 ALTER TABLE `hospitalization` DISABLE KEYS */;
INSERT INTO `hospitalization` VALUES ('42dddd7f-d750-11ed-9449-00155d710202','O','感冒','复杂类型',1,'2023-04-10',NULL,'93c081a5-d74e-11ed-9449-00155d710202','101','2c387cdb-d742-11ed-9449-00155d710202','110101','101001','101'),('42dde29b-d750-11ed-9449-00155d710202','B','胆结石','复杂类型',1,'2023-04-10',NULL,'93c08806-d74e-11ed-9449-00155d710202','101','2c388213-d742-11ed-9449-00155d710202','110102','101002','101'),('42dde3f9-d750-11ed-9449-00155d710202','HR','急慢性胃炎','复杂类型',1,'2023-04-10',NULL,'93c08918-d74e-11ed-9449-00155d710202','101','2c3882e6-d742-11ed-9449-00155d710202','110103','101002','101'),('42dde50e-d750-11ed-9449-00155d710202','AB','脑埂塞','复杂类型',1,'2023-04-10',NULL,'93c089b6-d74e-11ed-9449-00155d710202','101','2c388370-d742-11ed-9449-00155d710202','110104','101002','102'),('42dde61e-d750-11ed-9449-00155d710202','B','脑埂塞','长期化疗类型',1,'2023-04-10',NULL,'93c08a66-d74e-11ed-9449-00155d710202','101','2c3883fd-d742-11ed-9449-00155d710202','110105','101002','102'),('42ddee62-d750-11ed-9449-00155d710202','AB','阑尾炎','复杂类型',1,'2023-04-10',NULL,'93c0944e-d74e-11ed-9449-00155d710202','103','2c388880-d742-11ed-9449-00155d710202','110114','101004','105'),('42ddf059-d750-11ed-9449-00155d710202','AB','阑尾炎','急诊类型',1,'2023-04-10',NULL,'93c09661-d74e-11ed-9449-00155d710202','103','2c388a14-d742-11ed-9449-00155d710202','110116','101005','105'),('42ddf157-d750-11ed-9449-00155d710202','AB','阑尾炎','简单类型',1,'2023-04-10',NULL,'93c0977c-d74e-11ed-9449-00155d710202','103','2c388a93-d742-11ed-9449-00155d710202','110117','101005','201'),('42ddf25f-d750-11ed-9449-00155d710202','O','感冒','简单类型',1,'2023-04-10',NULL,'93c09908-d74e-11ed-9449-00155d710202','103','2c388b15-d742-11ed-9449-00155d710202','110118','101005','201'),('42ddf361-d750-11ed-9449-00155d710202','AB','脑埂塞','长期化疗类型',1,'2023-04-10',NULL,'93c09fa6-d74e-11ed-9449-00155d710202','104','2c388b89-d742-11ed-9449-00155d710202','110119','101005','201'),('42ddf66a-d750-11ed-9449-00155d710202','B','胆结石','传染类型',1,'2023-04-10',NULL,'93c0a1e0-d74e-11ed-9449-00155d710202','104','2c388d9f-d742-11ed-9449-00155d710202','110120','101006','201'),('42ddf779-d750-11ed-9449-00155d710202','A','感冒','复杂类型',1,'2023-04-10',NULL,'93c0a387-d74e-11ed-9449-00155d710202','104','2c388e24-d742-11ed-9449-00155d710202','110121','101006','201'),('42ddf881-d750-11ed-9449-00155d710202','O','胆结石','长期化疗类型',1,'2023-04-10',NULL,'93c0a5b5-d74e-11ed-9449-00155d710202','104','2c388e9b-d742-11ed-9449-00155d710202','110122','101006','202'),('42ddf983-d750-11ed-9449-00155d710202','B','胆结石','急诊类型',1,'2023-04-10',NULL,'93c0a698-d74e-11ed-9449-00155d710202','104','2c388f5c-d742-11ed-9449-00155d710202','110123','101006','202'),('42ddfa82-d750-11ed-9449-00155d710202','AB','胆结石','急诊类型',1,'2023-04-10',NULL,'93c0a762-d74e-11ed-9449-00155d710202','104','2c388fdd-d742-11ed-9449-00155d710202','110124','101006','202'),('42ddfcb3-d750-11ed-9449-00155d710202','A','阑尾炎','复杂类型',0,'2023-04-10','2023-04-23','93c0ab8c-d74e-11ed-9449-00155d710202','105','2c3890ed-d742-11ed-9449-00155d710202','110126','101007','202'),('42ddfdbd-d750-11ed-9449-00155d710202','A','急慢性胃炎','传染类型',1,'2023-04-10',NULL,'93c0af94-d74e-11ed-9449-00155d710202','105','2c38916c-d742-11ed-9449-00155d710202','110127','101007','203'),('42ddfec8-d750-11ed-9449-00155d710202','O','胆结石','简单类型',0,'2023-04-10','2023-04-23','93c0b092-d74e-11ed-9449-00155d710202','105','2c3891e8-d742-11ed-9449-00155d710202','110128','101007','203'),('d11109ce-e19a-11ed-a708-00155d73ac84','A','xxx','复杂类型',0,'2023-04-23','2023-04-23','7db62e71-dc09-11ed-9fef-00155d73ac84','105','2c38916c-d742-11ed-9449-00155d710202','110101','101001','101');
/*!40000 ALTER TABLE `hospitalization` ENABLE KEYS */;
UNLOCK TABLES;

--
-- Table structure for table `nurse`
--

DROP TABLE IF EXISTS `nurse`;
/*!40101 SET @saved_cs_client     = @@character_set_client */;
/*!50503 SET character_set_client = utf8mb4 */;
CREATE TABLE `nurse` (
  `NO` varchar(15) NOT NULL COMMENT '护士编号',
  `NAME` varchar(10) NOT NULL COMMENT '护士姓名',
  `GENDER` varchar(5) NOT NULL COMMENT '性别',
  `AGE` int NOT NULL COMMENT '年龄',
  `TELEPHONE` varchar(11) NOT NULL COMMENT '电话号码',
  `ID_CARD` varchar(18) NOT NULL COMMENT '身份证号码',
  `BIRTHDAY` date NOT NULL COMMENT '出生日期',
  `DEPARTMENT_NO` varchar(20) NOT NULL COMMENT '科室号',
  `CREATE_TIME` date NOT NULL COMMENT '创建日期',
  `UPDATE_TIME` date DEFAULT NULL COMMENT '修改日期',
  PRIMARY KEY (`NO`),
  UNIQUE KEY `ID_CARD` (`ID_CARD`),
  KEY `NURSE_DEPARTMENT_FK` (`DEPARTMENT_NO`),
  CONSTRAINT `NURSE_DEPARTMENT_FK` FOREIGN KEY (`DEPARTMENT_NO`) REFERENCES `department` (`NO`)
) ENGINE=InnoDB DEFAULT CHARSET=utf8mb4 COLLATE=utf8mb4_0900_ai_ci;
/*!40101 SET character_set_client = @saved_cs_client */;

--
-- Dumping data for table `nurse`
--

LOCK TABLES `nurse` WRITE;
/*!40000 ALTER TABLE `nurse` DISABLE KEYS */;
INSERT INTO `nurse` VALUES ('110101','夏一柳','女',25,'13533304086','370102199003073970','1990-07-08','101','2023-04-10',NULL),('110102','席梦荣','女',28,'13761221982','370102199003078210','2007-02-20','101','2023-04-10',NULL),('110103','李文倩','女',22,'14729164178','370102199003070753','1996-07-20','102','2023-04-10',NULL),('110104','绕詹林','男',24,'13425005952','370102199003078456','2002-09-21','102','2023-04-10',NULL),('110105','吴申萌','女',29,'13976445486','370102199003070710','2010-03-05','104','2023-04-10','2023-04-17'),('110106','田甜','女',23,'18256652052','370102199003078536','1991-02-21','102','2023-04-10','2023-04-17'),('110107','高悦然','女',25,'15918811680','370102199003075773','2004-11-28','104','2023-04-10',NULL),('110108','刘子诺','女',21,'18340039937','37010219900307085X','1986-11-01','104','2023-04-10',NULL),('110109','张以诺','女',22,'18398077519','370102199003070171','1978-11-13','105','2023-04-10',NULL),('110110','赵佳宇','女',22,'18217272761','370102199003070956','2007-11-11','105','2023-04-10',NULL),('110111','张怡铭','女',35,'15911269153','370102199003071393','1989-12-15','201','2023-04-10',NULL),('110112','蒋欣芹','女',26,'18300335722','370102199003076733','1982-02-11','201','2023-04-10',NULL),('110113','马航钰','女',30,'15833121098','370102199003073436','1995-01-15','202','2023-04-10',NULL),('110114','苏芷璇','女',25,'13789783407','370102199003079774','2018-05-22','202','2023-04-10',NULL),('110116','陈子媛','女',26,'18869914130','370102199003070358','1986-08-08','101','2023-04-10','2023-04-17'),('110117','董璇','女',21,'13644133613','370102199003076557','1994-07-15','204','2023-04-10',NULL),('110118','孙玉','女',23,'19892324079','370102199003072732','2015-05-23','204','2023-04-10',NULL),('110119','李婉婷','女',28,'18455523712','370102199003079934','1997-12-03','205','2023-04-10',NULL),('110120','宋雨涵','女',31,'13536546582','370102199003077410','2014-12-29','205','2023-04-10',NULL),('110121','邓梦琪','女',24,'13853255051','370102199003076776','1988-10-14','301','2023-04-10',NULL),('110122','崔佳玉','女',26,'13940599243','370102199003074076','1989-05-05','301','2023-04-10',NULL),('110123','郭星瞳','女',24,'13813556966','370102199003073911','2001-06-27','302','2023-04-10',NULL),('110124','郭思羽','女',23,'13546452230','370102199003072572','1980-10-21','302','2023-04-10',NULL),('110125','王雨橙','女',28,'18789322212','370102199003079352','2003-06-12','303','2023-04-10',NULL),('110126','刘子琳','女',27,'15100349119','370102199003071158','1993-05-15','303','2023-04-10',NULL),('110127','李雨霏','女',29,'13683381259','370102199003070315','2009-04-22','304','2023-04-10',NULL),('110128','陆嘉晨','女',24,'18849529555','370102199003075095','2018-06-10','304','2023-04-10',NULL),('110129','张馨予','女',23,'15883722740','370102199003076012','2018-10-16','305','2023-04-10',NULL),('110130','刘欣悦','女',27,'18832497529','370102199003074359','2010-02-16','305','2023-04-10',NULL);
/*!40000 ALTER TABLE `nurse` ENABLE KEYS */;
UNLOCK TABLES;

--
-- Table structure for table `patient`
--

DROP TABLE IF EXISTS `patient`;
/*!40101 SET @saved_cs_client     = @@character_set_client */;
/*!50503 SET character_set_client = utf8mb4 */;
CREATE TABLE `patient` (
  `NO` varchar(50) NOT NULL COMMENT '病人编号',
  `NAME` varchar(10) NOT NULL COMMENT '病人姓名',
  `GENDER` varchar(5) NOT NULL COMMENT '性别',
  `AGE` int NOT NULL COMMENT '年龄',
  `HEIGHT` int NOT NULL COMMENT '身高(单位:CM)',
  `WIGHT` int NOT NULL COMMENT '体重(单位:公斤)',
  `TELEPHONE` varchar(11) NOT NULL COMMENT '电话号码',
  `ID_CARD` varchar(18) NOT NULL COMMENT '身份证号码',
  `BIRTHDAY` date NOT NULL COMMENT '出生日期',
  `ADDRESS` varchar(200) NOT NULL COMMENT '住址',
  `CREATE_TIME` date NOT NULL COMMENT '创建日期',
  `UPDATE_TIME` date DEFAULT NULL COMMENT '修改日期',
  PRIMARY KEY (`NO`),
  UNIQUE KEY `ID_CARD` (`ID_CARD`)
) ENGINE=InnoDB DEFAULT CHARSET=utf8mb4 COLLATE=utf8mb4_0900_ai_ci;
/*!40101 SET character_set_client = @saved_cs_client */;

--
-- Dumping data for table `patient`
--

LOCK TABLES `patient` WRITE;
/*!40000 ALTER TABLE `patient` DISABLE KEYS */;
INSERT INTO `patient` VALUES ('7ace1feb-d9bb-11ed-bdbc-a56a2371ccac','郁琼望','男',34,177,77,'13682053791','320102199003074413','2007-02-13','xxxxxxxxxxxx133','2023-04-13','2023-04-13'),('7db62e71-dc09-11ed-9fef-00155d73ac84','祝韶峻','男',32,167,56,'19856453628','370102199003076637','1987-05-03','湖北省恩施州来凤县漫水乡龟塘村10组13号','2023-04-16','2023-04-17'),('93c081a5-d74e-11ed-9449-00155d710202','王胜安','男',31,163,60,'13595684540','320102199003075491','1979-04-10','浙江省杭州市萧山区城乡街道跨月路湘湖家园 43-1-401','2023-04-10',NULL),('93c08806-d74e-11ed-9449-00155d710202','蔡壮保','男',54,180,64,'14781871905','320102199003071036','1994-11-24','浙江省杭州市萧山区城乡街道跨月路湘湖家园 76-4-201','2023-04-10',NULL),('93c08918-d74e-11ed-9449-00155d710202','易江伟','男',28,162,61,'13978499545','32010219900307769X','2017-02-28','浙江省杭州市萧山区城乡街道跨月路湘湖家园 87-4-301','2023-04-10',NULL),('93c089b6-d74e-11ed-9449-00155d710202','张顺谷','男',32,168,63,'13527468320','320102199003075475','2009-12-25','浙江省杭州市萧山区城乡街道跨月路湘湖家园 20-1-501','2023-04-10',NULL),('93c08a66-d74e-11ed-9449-00155d710202','李鑫灏','男',8,167,51,'15223711905','320102199003071351','2009-05-16','浙江省杭州市萧山区城乡街道跨月路湘湖家园 30-6-102','2023-04-10',NULL),('93c08ba7-d74e-11ed-9449-00155d710202','梁澄静','女',8,173,52,'15279547144','32010219900307451X','2015-02-23','浙江省杭州市萧山区城乡街道跨月路湘湖家园 33-3-501','2023-04-10',NULL),('93c08c45-d74e-11ed-9449-00155d710202','时党舒','女',26,180,57,'13462054380','320102199003070076','2000-08-28','浙江省杭州市萧山区城乡街道跨月路湘湖家园 82-3-402','2023-04-10',NULL),('93c08f94-d74e-11ed-9449-00155d710202','何刚名','男',66,166,61,'15087912354','320102199003078510','1998-06-05','浙江省杭州市萧山区城乡街道跨月路湘湖家园 46-6-102','2023-04-10',NULL),('93c090fa-d74e-11ed-9449-00155d710202','严席华','男',58,165,55,'13714356865','320102199003070498','1989-03-27','浙江省杭州市萧山区城乡街道跨月路湘湖家园 62-4-502','2023-04-10',NULL),('93c091df-d74e-11ed-9449-00155d710202','刘鲜发','男',32,173,67,'17839032005','320102199003079396','2004-03-06','浙江省杭州市萧山区城乡街道跨月路湘湖家园 21-4-201','2023-04-10',NULL),('93c09298-d74e-11ed-9449-00155d710202','何毅','男',35,176,63,'18892905859','320102199003077438','1985-02-24','浙江省杭州市萧山区城乡街道跨月路湘湖家园 30-4-101','2023-04-10',NULL),('93c093a2-d74e-11ed-9449-00155d710202','唐宸禹','男',38,165,64,'13946875719','320102199003070797','2006-07-10','浙江省杭州市萧山区城乡街道跨月路湘湖家园 84-5-201','2023-04-10',NULL),('93c0944e-d74e-11ed-9449-00155d710202','张顺联','男',50,167,57,'13682053791','320102199003078297','1995-04-12','浙江省杭州市萧山区城乡街道跨月路湘湖家园 17-6-402','2023-04-10',NULL),('93c0951a-d74e-11ed-9449-00155d710202','汤青','女',29,164,66,'15002038533','320102199003077470','1994-03-13','浙江省杭州市萧山区城乡街道跨月路湘湖家园 39-4-501','2023-04-10',NULL),('93c09661-d74e-11ed-9449-00155d710202','柯纤栩','女',34,180,69,'15846579740','320102199003072119','1995-06-27','浙江省杭州市萧山区城乡街道跨月路湘湖家园 19-3-402','2023-04-10',NULL),('93c0977c-d74e-11ed-9449-00155d710202','夏莱','女',30,163,51,'16572585216','320102199003072274','2013-12-07','浙江省杭州市萧山区城乡街道跨月路湘湖家园 83-1-201','2023-04-10',NULL),('93c09908-d74e-11ed-9449-00155d710202','杜鹃','女',28,165,54,'14713475428','320102199003076275','2007-06-18','浙江省杭州市萧山区城乡街道跨月路湘湖家园 28-4-302','2023-04-10',NULL),('93c09fa6-d74e-11ed-9449-00155d710202','张洪赫','男',25,174,54,'15946258529','320102199003071239','1980-05-05','浙江省杭州市萧山区城乡街道跨月路湘湖家园 70-2-402','2023-04-10',NULL),('93c0a1e0-d74e-11ed-9449-00155d710202','池慕颖','女',26,180,69,'18495764354','320102199003070316','1982-11-14','浙江省杭州市萧山区城乡街道跨月路湘湖家园 95-4-302','2023-04-10',NULL),('93c0a387-d74e-11ed-9449-00155d710202','齐芬霞','女',69,180,64,'13411251016','32010219900307611X','1983-04-17','浙江省杭州市萧山区城乡街道跨月路湘湖家园 60-4-102','2023-04-10',NULL),('93c0a5b5-d74e-11ed-9449-00155d710202','卢全旭','男',66,168,58,'14758697751','320102199003072979','1997-02-09','浙江省杭州市萧山区城乡街道跨月路湘湖家园 68-6-502','2023-04-10',NULL),('93c0a698-d74e-11ed-9449-00155d710202','卓互知','男',45,170,63,'19851157525','320102199003078414','2003-12-01','浙江省杭州市萧山区城乡街道跨月路湘湖家园 16-1-302','2023-04-10',NULL),('93c0a762-d74e-11ed-9449-00155d710202','元感奇','男',16,170,56,'13589985115','320102199003078799','1983-09-08','浙江省杭州市萧山区城乡街道跨月路湘湖家园 31-4-502','2023-04-10',NULL),('93c0a997-d74e-11ed-9449-00155d710202','秦长乐','男',32,177,67,'16510702736','32010219900307371X','2011-07-22','浙江省杭州市萧山区城乡街道跨月路湘湖家园 46-5-201','2023-04-10',NULL),('93c0ab8c-d74e-11ed-9449-00155d710202','丘寸心','男',48,174,54,'13992629628','320102199003078318','1999-06-16','浙江省杭州市萧山区城乡街道跨月路湘湖家园 46-6-402','2023-04-10',NULL),('93c0af94-d74e-11ed-9449-00155d710202','路从风','男',18,177,69,'13549059521','320102199003071192','1993-10-10','浙江省杭州市萧山区城乡街道跨月路湘湖家园 3-1-101','2023-04-10',NULL),('93c0b092-d74e-11ed-9449-00155d710202','王浩','男',29,161,68,'19803942761','320102199003072434','1995-11-30','浙江省杭州市萧山区城乡街道跨月路湘湖家园 99-2-502','2023-04-10',NULL),('93c0b14d-d74e-11ed-9449-00155d710202','潘奕','女',30,160,69,'15158639726','320102199003070375','2008-10-14','浙江省杭州市萧山区城乡街道跨月路湘湖家园 86-1-302','2023-04-10',NULL),('fe012691-d74e-11ed-9449-00155d710202','余凯文','男',32,177,67,'16510702736','320102199003073714','2011-07-22','浙江省杭州市萧山区城乡街道跨月路湘湖家园 46-5-201','2023-04-10',NULL),('fe012b56-d74e-11ed-9449-00155d710202','卢祖琪','男',48,174,54,'13992629628','320102199003078319','1999-06-16','浙江省杭州市萧山区城乡街道跨月路湘湖家园 46-6-402','2023-04-10',NULL);
/*!40000 ALTER TABLE `patient` ENABLE KEYS */;
UNLOCK TABLES;

--
-- Table structure for table `user`
--

DROP TABLE IF EXISTS `user`;
/*!40101 SET @saved_cs_client     = @@character_set_client */;
/*!50503 SET character_set_client = utf8mb4 */;
CREATE TABLE `user` (
  `NO` int NOT NULL AUTO_INCREMENT,
  `USERNAME` varchar(20) NOT NULL,
  `PASSWORD` varchar(20) NOT NULL,
  `ROLE` tinyint NOT NULL COMMENT '0：为管理员， 1为医生，2为护士，3为普通用户',
  PRIMARY KEY (`NO`),
  UNIQUE KEY `user_NO_uindex` (`NO`),
  UNIQUE KEY `user_USERNAME_uindex` (`USERNAME`)
) ENGINE=InnoDB AUTO_INCREMENT=2 DEFAULT CHARSET=utf8mb4 COLLATE=utf8mb4_0900_ai_ci COMMENT='用户表';
/*!40101 SET character_set_client = @saved_cs_client */;

--
-- Dumping data for table `user`
--

LOCK TABLES `user` WRITE;
/*!40000 ALTER TABLE `user` DISABLE KEYS */;
INSERT INTO `user` VALUES (1,'admin','111111',0);
/*!40000 ALTER TABLE `user` ENABLE KEYS */;
UNLOCK TABLES;

--
-- Table structure for table `ward`
--

DROP TABLE IF EXISTS `ward`;
/*!40101 SET @saved_cs_client     = @@character_set_client */;
/*!50503 SET character_set_client = utf8mb4 */;
CREATE TABLE `ward` (
  `NO` varchar(15) NOT NULL COMMENT '病房号',
  `BED_NUM` int NOT NULL COMMENT '床位数',
  `ADDRESS` varchar(20) NOT NULL COMMENT '病房地址',
  `TYPE` varchar(100) NOT NULL COMMENT '病房类型',
  `STATUS` tinyint NOT NULL DEFAULT '0' COMMENT '状态： 0 未使用， 1 使用中',
  `CREATE_TIME` date DEFAULT NULL COMMENT '创建日期',
  `UPDATE_TIME` date DEFAULT NULL COMMENT '修改日期',
  `DEPARTMENT_NO` varchar(20) NOT NULL COMMENT '病房号',
  PRIMARY KEY (`NO`),
  KEY `DEPARTMENT_WARD_FK` (`DEPARTMENT_NO`),
  CONSTRAINT `DEPARTMENT_WARD_FK` FOREIGN KEY (`DEPARTMENT_NO`) REFERENCES `department` (`NO`) ON DELETE CASCADE ON UPDATE CASCADE
) ENGINE=InnoDB DEFAULT CHARSET=utf8mb4 COLLATE=utf8mb4_0900_ai_ci;
/*!40101 SET character_set_client = @saved_cs_client */;

--
-- Dumping data for table `ward`
--

LOCK TABLES `ward` WRITE;
/*!40000 ALTER TABLE `ward` DISABLE KEYS */;
INSERT INTO `ward` VALUES ('101',5,'B1101','普通病房',0,'2023-04-10','2023-04-20','102'),('103',6,'B1103','隔离病房',0,'2023-04-10','2023-04-20','101'),('104',5,'B1104','普通病房',0,'2023-04-10','2023-04-20','302'),('105',6,'B1105','保护病房',0,'2023-04-10','2023-04-20','101'),('106',6,'B1106','隔离病房',0,'2023-04-10','2023-04-20','101'),('107',6,'B1107','隔离病房',0,'2023-04-10','2023-04-20','101'),('108',6,'B1108','隔离病房',0,'2023-04-10','2023-04-20','105'),('109',6,'B1109','1',0,'2023-04-10',NULL,'105'),('110',6,'B1110','2',0,'2023-04-10',NULL,'201'),('201',6,'B1201','2',0,'2023-04-10',NULL,'201'),('202',6,'B1202','2',0,'2023-04-10',NULL,'202'),('203',6,'B1203','2',0,'2023-04-10',NULL,'203'),('204',6,'B1204','2',0,'2023-04-10',NULL,'204'),('205',6,'B1205','2',0,'2023-04-10',NULL,'204'),('206',6,'B1206','2',0,'2023-04-10',NULL,'205'),('207',6,'B1207','2',0,'2023-04-10',NULL,'301'),('208',6,'B1208','3',0,'2023-04-10',NULL,'302'),('209',6,'B1209','3',0,'2023-04-10',NULL,'303'),('301',6,'B1301','3',0,'2023-04-10',NULL,'304'),('302',6,'B1302','3',0,'2023-04-10',NULL,'304'),('303',6,'B1303','3',0,'2023-04-10',NULL,'305'),('304',6,'B1304','3',0,'2023-04-10',NULL,'305'),('305',6,'B1305','3',0,'2023-04-10',NULL,'305'),('306',6,'B1306','3',0,'2023-04-10',NULL,'305'),('307',6,'B1307','3',0,'2023-04-10',NULL,'305'),('308',6,'B1308','3',0,'2023-04-10',NULL,'305'),('309',6,'B1309','3',0,'2023-04-10',NULL,'305'),('310',6,'B1310','3',0,'2023-04-10',NULL,'305');
/*!40000 ALTER TABLE `ward` ENABLE KEYS */;
UNLOCK TABLES;
/*!40103 SET TIME_ZONE=@OLD_TIME_ZONE */;

/*!40101 SET SQL_MODE=@OLD_SQL_MODE */;
/*!40014 SET FOREIGN_KEY_CHECKS=@OLD_FOREIGN_KEY_CHECKS */;
/*!40014 SET UNIQUE_CHECKS=@OLD_UNIQUE_CHECKS */;
/*!40101 SET CHARACTER_SET_CLIENT=@OLD_CHARACTER_SET_CLIENT */;
/*!40101 SET CHARACTER_SET_RESULTS=@OLD_CHARACTER_SET_RESULTS */;
/*!40101 SET COLLATION_CONNECTION=@OLD_COLLATION_CONNECTION */;
/*!40111 SET SQL_NOTES=@OLD_SQL_NOTES */;

-- Dump completed on 2023-07-01 22:37:01
